id,company_id,year,net_profit_margin_pct,operating_profit_margin_pct,return_on_equity_pct,debt_to_equity,interest_coverage,asset_turnover,free_cash_flow_cr,capex_cr,earnings_per_share,book_value_per_share,dividend_payout_ratio_pct,total_debt_cr,cash_from_operations_cr,fcf_to_debt,financial_quality_score,health_score,rating
1184,INDIGO,2024,11.85,16331.0,892.57,0.0186,22.6126,56.3863,9424.0,11759.0,212.0,1.9062,0.0,17,21183.0,554.3529411764706,5,100,Excellent
1176,INDIGO,2016,12.3,3164.0,1534.78,0.0618,25.235,82.3469,1779.0,1337.0,55.0,32.35,27.0,8,3116.0,222.375,5,100,Excellent
1136,TRENT,2024,11.94,16.0,36.31,0.4309,8.0435,1.7279,841.0,508.0,42.0,11.3,8.0,1753,1349.0,0.479749001711352,5,100,Excellent
1095,TECHM,2022,12.61,18.0,20.94,0.0974,56.0429,1.0052,5765.0,480.0,57.0,6.1244,47.0,2618,5285.0,2.2020626432391137,5,100,Excellent
1090,TECHM,2019,12.35,18.0,21.14,0.0984,51.1654,1.0387,2328.0,2104.0,44.0,4.5687,29.0,1996,4432.0,1.1663326653306614,5,100,Excellent
1089,TECHM,2019,12.35,18.0,21.14,0.0984,51.1654,1.0387,2328.0,2104.0,44.0,4.5687,29.0,1996,4432.0,1.1663326653306614,5,100,Excellent
1088,TECHM,2018,12.3,15.0,20.09,0.1272,37.821,1.0112,235.0,3319.0,39.0,4.2631,33.0,2397,3554.0,0.0980392156862745,5,100,Excellent
1087,TECHM,2018,12.3,15.0,20.09,0.1272,37.821,1.0112,235.0,3319.0,39.0,4.2631,33.0,2397,3554.0,0.0980392156862745,5,100,Excellent
1084,TECHM,2016,11.43,16.0,20.75,0.0748,48.5876,1.1762,1684.0,1453.0,31.0,3.3466,35.0,1091,3137.0,1.5435380384967918,5,100,Excellent
1083,TECHM,2016,11.43,16.0,20.75,0.0748,48.5876,1.1762,1684.0,1453.0,31.0,3.3466,35.0,1091,3137.0,1.5435380384967918,5,100,Excellent
1082,TECHM,2015,11.75,19.0,21.71,0.0572,62.3043,1.1397,583.0,1865.0,27.0,2.5517,22.0,700,2448.0,0.8328571428571429,5,100,Excellent
1081,TECHM,2015,11.75,19.0,21.71,0.0572,62.3043,1.1397,583.0,1865.0,27.0,2.5517,22.0,700,2448.0,0.8328571428571429,5,100,Excellent
1080,TECHM,2014,16.29,22.0,33.35,0.0395,55.2,1.1795,1887.0,291.0,32.0,3.9239,15.0,363,1596.0,5.198347107438017,5,100,Excellent
1079,TECHM,2014,16.29,22.0,33.35,0.0395,55.2,1.1795,1887.0,291.0,32.0,3.9239,15.0,363,1596.0,5.198347107438017,5,100,Excellent
1076,TCS,2024,19.14,27.0,50.94,0.0886,87.0951,1.6559,50429.0,6091.0,127.0,24.997,58.0,8021,44338.0,6.287121306570253,5,100,Excellent
1075,TCS,2023,18.76,26.0,46.78,0.085,80.4981,1.5782,42513.0,548.0,115.0,24.706,100.0,7688,41965.0,5.529786680541103,5,100,Excellent
1074,TCS,2022,20.05,28.0,43.13,0.0877,72.7997,1.3607,39211.0,738.0,105.0,24.3549,41.0,7818,39949.0,5.0154771041187,5,100,Excellent
126,ASIANPAINT,2019,11.48,20.0,23.31,0.1394,36.7182,1.1841,1552.0,918.0,22.0,9.8656,47.0,1320,2470.0,1.1757575757575758,5,100,Excellent
125,ASIANPAINT,2018,12.47,19.0,24.95,0.0634,86.3415,1.2225,557.0,1556.0,21.0,8.7604,41.0,533,2113.0,1.045028142589118,5,100,Excellent
124,ASIANPAINT,2018,12.47,19.0,24.95,0.0634,86.3415,1.2225,557.0,1556.0,21.0,8.7604,41.0,533,2113.0,1.045028142589118,5,100,Excellent
123,ASIANPAINT,2017,13.38,20.0,26.51,0.0736,90.0541,1.2142,846.0,681.0,20.0,7.9208,51.0,560,1527.0,1.5107142857142857,5,100,Excellent
122,ASIANPAINT,2017,13.38,20.0,26.51,0.0736,90.0541,1.2142,846.0,681.0,20.0,7.9208,51.0,560,1527.0,1.5107142857142857,5,100,Excellent
121,ASIANPAINT,2016,12.63,19.0,27.63,0.0495,59.9592,1.3515,1377.0,866.0,18.0,6.7969,41.0,323,2243.0,4.2631578947368425,5,100,Excellent
120,ASIANPAINT,2016,12.63,19.0,27.63,0.0495,59.9592,1.3515,1377.0,866.0,18.0,6.7969,41.0,323,2243.0,4.2631578947368425,5,100,Excellent
119,ASIANPAINT,2015,10.48,16.0,30.09,0.0881,56.7857,1.5274,723.0,465.0,15.0,4.9396,42.0,418,1188.0,1.729665071770335,5,100,Excellent
118,ASIANPAINT,2015,10.48,16.0,30.09,0.0881,56.7857,1.5274,723.0,465.0,15.0,4.9396,42.0,418,1188.0,1.729665071770335,5,100,Excellent
117,ASIANPAINT,2014,10.34,16.0,31.27,0.0616,44.3333,1.5133,816.0,586.0,13.0,4.2073,42.0,249,1402.0,3.27710843373494,5,100,Excellent
116,ASIANPAINT,2014,10.34,16.0,31.27,0.0616,44.3333,1.5133,816.0,586.0,13.0,4.2073,42.0,249,1402.0,3.27710843373494,5,100,Excellent
115,ASIANPAINT,2013,11.04,17.0,34.28,0.0742,44.0714,1.5483,724.0,463.0,12.0,3.525,40.0,251,1187.0,2.8844621513944224,5,100,Excellent
114,ASIANPAINT,2013,11.04,17.0,34.28,0.0742,44.0714,1.5483,724.0,463.0,12.0,3.525,40.0,251,1187.0,2.8844621513944224,5,100,Excellent
23,ABB,2024,20.53,25.0,32.47,0.0224,141.75,1.1263,1095.0,4943.0,565.0,17.6143,73.0,83,6038.0,13.19277108433735,5,100,Excellent
22,ABB,2024,20.53,25.0,32.47,0.0224,141.75,1.1263,797.0,416.0,565.0,17.6143,73.0,83,1213.0,9.602409638554215,5,100,Excellent
142,BAJAJ-AUTO,2015,14.01,19.0,27.27,0.0101,726.0,1.3526,1734.0,380.0,105.0,3.8391,48.0,112,2114.0,15.482142857142858,5,100,Excellent
141,BAJAJ-AUTO,2014,16.79,21.0,33.23999999999999,0.0058,4837.0,1.3155,1430.0,2072.0,117.0,3.518,43.0,59,3502.0,24.23728813559322,5,100,Excellent
140,BAJAJ-AUTO,2014,16.79,21.0,33.23999999999999,0.0058,4837.0,1.3155,1430.0,2072.0,117.0,3.518,43.0,59,3502.0,24.23728813559322,5,100,Excellent
139,BAJAJ-AUTO,2013,15.65,18.0,38.85,0.0144,4446.0,1.584,824.0,1394.0,108.0,2.7907,42.0,116,2218.0,7.103448275862069,5,100,Excellent
138,BAJAJ-AUTO,2013,15.65,18.0,38.85,0.0144,4446.0,1.584,824.0,1394.0,108.0,2.7907,42.0,116,2218.0,7.103448275862069,5,100,Excellent
137,ASIANPAINT,2024,15.66,21.0,29.68,0.1321,41.0049,1.1871,3556.0,2548.0,57.0,19.5083,58.0,2474,6104.0,1.4373484236054972,5,100,Excellent
136,ASIANPAINT,2024,15.66,21.0,29.68,0.1321,41.0049,1.1871,3556.0,2548.0,57.0,19.5083,58.0,2474,6104.0,1.4373484236054972,5,100,Excellent
135,ASIANPAINT,2023,12.16,18.0,26.23,0.1209,46.4653,1.3379,2911.0,1282.0,43.0,16.6583,60.0,1933,4193.0,1.5059493016037249,5,100,Excellent
134,ASIANPAINT,2023,12.16,18.0,26.23,0.1209,46.4653,1.3379,2911.0,1282.0,43.0,16.6583,60.0,1933,4193.0,1.5059493016037249,5,100,Excellent
133,ASIANPAINT,2022,10.6,17.0,22.34,0.1149,53.6842,1.2676,669.0,317.0,32.0,14.3875,61.0,1587,986.0,0.4215500945179584,5,100,Excellent
132,ASIANPAINT,2022,10.6,17.0,22.34,0.1149,53.6842,1.2676,669.0,317.0,32.0,14.3875,61.0,1587,986.0,0.4215500945179584,5,100,Excellent
131,ASIANPAINT,2021,14.77,22.0,25.04,0.0854,56.3913,1.0667,3142.0,541.0,33.0,13.3396,55.0,1093,3683.0,2.8746569075937787,5,100,Excellent
130,ASIANPAINT,2021,14.77,22.0,25.04,0.0854,56.3913,1.0667,3142.0,541.0,33.0,13.3396,55.0,1093,3683.0,2.8746569075937787,5,100,Excellent
129,ASIANPAINT,2020,13.73,21.0,27.38,0.1104,44.2353,1.2524,2520.0,518.0,28.0,10.5521,43.0,1118,3038.0,2.2540250447227197,5,100,Excellent
128,ASIANPAINT,2020,13.73,21.0,27.38,0.1104,44.2353,1.2524,2520.0,518.0,28.0,10.5521,43.0,1118,3038.0,2.2540250447227197,5,100,Excellent
127,ASIANPAINT,2019,11.48,20.0,23.31,0.1394,36.7182,1.1841,1552.0,918.0,22.0,9.8656,47.0,1320,2470.0,1.1757575757575758,5,100,Excellent
160,BAJAJ-AUTO,2024,17.18,20.0,26.61,0.066,174.4167,1.1405,6486.0,72.0,276.0,10.3806,29.0,1912,6558.0,3.392259414225941,5,100,Excellent
159,BAJAJ-AUTO,2023,16.62,18.0,20.64,0.0042,204.2,1.0375,6488.0,1211.0,214.0,10.3753,65.0,124,5277.0,52.32258064516129,5,100,Excellent
158,BAJAJ-AUTO,2023,16.62,18.0,20.64,0.0042,204.2,1.0375,6488.0,1211.0,214.0,10.3753,65.0,124,5277.0,52.32258064516129,5,100,Excellent
153,BAJAJ-AUTO,2020,17.42,17.0,24.06,0.0058,2313.6667,1.1286,5616.0,1766.0,180.0,7.4955,67.0,126,3850.0,44.57142857142857,5,100,Excellent
152,BAJAJ-AUTO,2020,17.42,17.0,24.06,0.0058,2313.6667,1.1286,5616.0,1766.0,180.0,7.4955,67.0,126,3850.0,44.57142857142857,5,100,Excellent
151,BAJAJ-AUTO,2019,16.23,17.0,21.21,0.0054,1806.5,1.0529,2214.0,273.0,170.0,8.0391,35.0,125,2487.0,17.712,5,100,Excellent
150,BAJAJ-AUTO,2019,16.23,17.0,21.21,0.0054,1806.5,1.0529,2214.0,273.0,170.0,8.0391,35.0,125,2487.0,17.712,5,100,Excellent
149,BAJAJ-AUTO,2018,16.74,19.0,20.66,0.0059,6250.0,1.0027,2374.0,1954.0,146.0,7.0675,41.0,121,4328.0,19.6198347107438,5,100,Excellent
148,BAJAJ-AUTO,2018,16.74,19.0,20.66,0.0059,6250.0,1.0027,2374.0,1954.0,146.0,7.0675,41.0,121,4328.0,19.6198347107438,5,100,Excellent
147,BAJAJ-AUTO,2017,18.75,20.0,22.84,0.0067,5897.0,1.0054,-343.0,3610.0,141.0,6.1785,39.0,120,3267.0,-2.8583333333333334,5,100,Excellent
146,BAJAJ-AUTO,2017,18.75,20.0,22.84,0.0067,5897.0,1.0054,-343.0,3610.0,141.0,6.1785,39.0,120,3267.0,-2.8583333333333334,5,100,Excellent
145,BAJAJ-AUTO,2016,17.99,21.0,28.97,0.0084,5987.0,1.3094,3622.0,68.0,140.0,4.8512,39.0,118,3690.0,30.694915254237287,5,100,Excellent
144,BAJAJ-AUTO,2016,17.99,21.0,28.97,0.0084,5987.0,1.3094,3622.0,68.0,140.0,4.8512,39.0,118,3690.0,30.694915254237287,5,100,Excellent
143,BAJAJ-AUTO,2015,14.01,19.0,27.27,0.0101,726.0,1.3526,1734.0,380.0,105.0,3.8391,48.0,112,2114.0,15.482142857142858,5,100,Excellent
243,BEL,2024,19.66,25.0,4744.05,0.5119,476.75,125.8882,-1265.0,5924.0,5.0,0.7636,40.0,43,4659.0,-29.41860465116279,5,100,Excellent
242,BEL,2023,16.84,23.0,3981.33,0.52,230.0526,123.1528,3907.0,2708.0,4.0,0.6818,44.0,39,1199.0,100.17948717948718,5,100,Excellent
241,BEL,2022,15.62,22.0,3478.26,0.8406,397.3333,94.2822,-665.0,4872.0,3.0,0.6273,46.0,58,4207.0,-11.46551724137931,5,100,Excellent
240,BEL,2021,14.88,23.0,3559.32,0.8305,333.9,92.8224,2498.0,2595.0,3.0,0.5364,46.0,49,5093.0,50.97959183673469,5,100,Excellent
239,BEL,2020,14.07,21.0,3318.18,0.8,357.25,106.2951,1921.0,649.0,3.0,0.5,37.0,44,2570.0,43.65909090909091,5,100,Excellent
238,BEL,2019,15.51,24.0,3851.02,0.9592,186.375,96.5397,618.0,896.0,3.0,0.4455,44.0,47,1514.0,13.148936170212766,5,100,Excellent
161,BAJAJ-AUTO,2024,17.18,20.0,26.61,0.066,174.4167,1.1405,6486.0,72.0,276.0,10.3806,29.0,1912,6558.0,3.392259414225941,5,100,Excellent
291,BRITANNIA,2024,12.73,19.0,54.15,0.524,20.5976,1.8484,3050.0,477.0,89.0,16.4208,83.0,2065,2573.0,1.476997578692494,5,100,Excellent
290,BRITANNIA,2023,14.21,17.0,65.53,0.848,20.284,1.7432,1019.0,1507.0,96.0,14.725,75.0,2997,2526.0,0.3400066733400066,5,100,Excellent
289,BRITANNIA,2022,10.72,16.0,59.27,0.9699,16.8264,1.878,2214.0,914.0,63.0,10.6583,89.0,2481,1300.0,0.8923821039903265,5,100,Excellent
288,BRITANNIA,2021,14.09,19.0,52.17,0.5981,25.4234,1.642,2309.0,433.0,77.0,14.7833,204.0,2122,1876.0,1.088124410933082,5,100,Excellent
287,BRITANNIA,2020,12.02,16.0,31.66,0.3493,27.3506,1.4815,-41.0,1526.0,58.0,18.3458,60.0,1538,1485.0,-0.0266579973992197,5,100,Excellent
286,BRITANNIA,2019,10.45,16.0,27.16,0.0367,215.3333,1.7722,304.0,852.0,48.0,17.7208,31.0,156,1156.0,1.948717948717949,5,100,Excellent
285,BRITANNIA,2018,10.13,15.0,29.48,0.059,208.375,1.9109,292.0,957.0,42.0,14.1917,30.0,201,1249.0,1.4527363184079602,5,100,Excellent
1073,TCS,2021,19.83,28.0,37.66999999999999,0.0902,76.0785,1.263,30846.0,7956.0,88.0,23.3603,43.0,7795,38802.0,3.957152020525978,5,100,Excellent
1072,TCS,2020,20.67,27.0,38.57,0.0972,50.5422,1.3065,41337.0,8968.0,86.0,22.4336,85.0,8174,32369.0,5.057132370932224,5,100,Excellent
1071,TCS,2019,21.55,27.0,35.29,0.0007,221.298,1.2859,30238.0,1645.0,84.0,23.8523,36.0,62,28593.0,487.7096774193548,5,100,Excellent
1070,TCS,2018,21.02,26.0,30.4,0.0029,695.3462,1.171,28171.0,3104.0,67.0,44.5696,37.0,247,25067.0,114.05263157894736,5,100,Excellent
1069,TCS,2017,22.34,27.0,30.57,0.0034,1141.625,1.1528,8328.0,16895.0,67.0,43.7635,35.0,289,25223.0,28.81660899653979,5,100,Excellent
1068,TCS,2016,22.4,28.0,34.23999999999999,0.0034,1023.0606,1.2305,14099.0,5010.0,62.0,36.0772,35.0,245,19109.0,57.546938775510206,5,100,Excellent
1067,TCS,2015,21.19,26.0,39.62,0.0071,271.1731,1.2909,17562.0,1807.0,51.0,25.8342,78.0,358,19369.0,49.055865921787706,5,100,Excellent
1066,TCS,2014,23.63,31.0,39.3,0.006,686.9231,1.2242,5299.0,9452.0,49.0,25.0995,33.0,297,14751.0,17.84175084175084,5,100,Excellent
1065,TCS,2013,22.35,29.0,36.52,0.0086,400.375,1.2129,5577.0,6038.0,36.0,19.6663,31.0,332,11615.0,16.798192771084338,5,100,Excellent
346,DABUR,2019,16.98,20.0,25.67,0.1241,32.7,1.0092,1837.0,338.0,8.0,3.1819,34.0,699,1499.0,2.6280400572246068,5,100,Excellent
343,DABUR,2016,16.12,20.0,30.06,0.193,36.1458,1.1223,457.0,730.0,7.0,2.3699,32.0,805,1187.0,0.5677018633540373,5,100,Excellent
342,DABUR,2015,13.7,17.0,31.84,0.2188,36.85,1.2766,171.0,876.0,6.0,1.9057,33.0,734,1047.0,0.2329700272479564,5,100,Excellent
341,DABUR,2014,12.98,16.0,34.48999999999999,0.2666,23.8519,1.3287,994.0,104.0,5.0,1.5264,33.0,708,1098.0,1.4039548022598871,5,100,Excellent
340,DABUR,2013,12.48,16.0,36.56,0.5494,18.5085,1.3039,248.0,622.0,4.0,1.204,34.0,1151,870.0,0.2154648132059079,5,100,Excellent
849,PIDILITIND,2024,14.11,22.0,20.78,0.0454,54.3333,1.0254,955.0,1769.0,34.0,16.4843,47.0,382,2724.0,2.5,5,100,Excellent
845,PIDILITIND,2020,15.38,22.0,25.18,0.0646,49.2059,1.1182,1383.0,103.0,22.0,8.7373,32.0,288,1280.0,4.802083333333333,5,100,Excellent
844,PIDILITIND,2019,13.11,19.0,22.37,0.0272,57.7308,1.1988,332.0,513.0,18.0,8.1333,36.0,113,845.0,2.938053097345133,5,100,Excellent
843,PIDILITIND,2018,15.89,22.0,27.03,0.035,93.375,1.1691,835.0,39.0,19.0,7.0078,32.0,125,796.0,6.68,5,100,Excellent
842,PIDILITIND,2017,15.36,22.0,24.86,0.0282,98.3571,1.1776,-85.0,879.0,17.0,6.8059,28.0,98,794.0,-0.8673469387755102,5,100,Excellent
841,PIDILITIND,2016,15.05,22.0,30.59,0.0303,96.4615,1.4435,416.0,491.0,16.0,5.1725,26.0,80,907.0,5.2,5,100,Excellent
840,PIDILITIND,2015,10.61,16.0,22.64,0.0256,50.6875,1.4612,116.0,436.0,10.0,4.451,29.0,58,552.0,2.0,5,100,Excellent
839,PIDILITIND,2014,10.51,16.0,23.05,0.0236,44.375,1.4628,295.0,99.0,9.0,3.8275,31.0,46,394.0,6.413043478260869,5,100,Excellent
838,PIDILITIND,2013,11.53,15.0,25.68,0.0672,41.5625,1.406,328.0,144.0,8.0,3.2373,31.0,111,472.0,2.954954954954955,5,100,Excellent
789,NESTLEIND,2024,16.12,24.0,117.75,0.1033,41.1862,2.3182,2938.0,1237.0,41.0,3.4792,79.0,345,4175.0,8.515942028985508,5,100,Excellent
788,NESTLEIND,2023,15.68,23.0,121.96,0.1102,38.5462,2.1301,2465.0,927.0,31.0,2.5615,56.0,271,3392.0,9.095940959409594,5,100,Excellent
787,NESTLEIND,2022,14.15,22.0,97.23,0.1102,24.6,1.8818,2345.0,392.0,25.0,2.5615,89.0,271,2737.0,8.653136531365314,5,100,Excellent
786,NESTLEIND,2021,14.37,24.0,108.84,0.1367,17.0792,1.7903,316.0,1920.0,22.0,2.0271,91.0,266,2236.0,1.18796992481203,5,100,Excellent
785,NESTLEIND,2020,15.6,24.0,103.12,0.0728,20.4146,1.6899,2133.0,321.0,22.0,2.1031,93.0,147,2454.0,14.510204081632653,5,100,Excellent
784,NESTLEIND,2019,15.91,24.0,102.61,0.0985,24.5969,1.7244,2378.0,83.0,20.0,1.9979,168.0,189,2295.0,12.582010582010582,5,100,Excellent
783,NESTLEIND,2018,14.23,23.0,43.75,0.0095,25.6875,1.3961,2000.0,52.0,17.0,3.826,69.0,35,2052.0,57.142857142857146,5,100,Excellent
782,NESTLEIND,2017,12.24,21.0,35.82,0.0102,24.7174,1.3595,1687.0,131.0,13.0,3.5625,68.0,35,1818.0,48.2,5,100,Excellent
781,NESTLEIND,2016,10.95,20.0,30.5,0.0101,21.8681,1.3423,1340.0,126.0,10.0,3.4188,61.0,33,1466.0,40.60606060606061,5,100,Excellent
779,NESTLEIND,2014,12.02,21.0,41.77,0.007,151.8571,1.6933,1212.0,432.0,12.0,2.9552,51.0,20,1644.0,60.6,5,100,Excellent
778,NESTLEIND,2013,12.27,21.0,47.17,0.5021,55.2703,1.4414,1355.0,441.0,12.0,2.4667,42.0,1189,1796.0,1.1396131202691338,5,100,Excellent
403,EICHERMOT,2016,21.68,27.0,36.63,0.0063,1008.0,1.2498,462.0,1001.0,49.0,13.5296,20.0,23,1463.0,20.08695652173913,5,100,Excellent
746,MARUTI,2017,11.03,15.0,20.26,0.0131,144.0449,1.3103,1109.0,9173.0,249.0,24.553,30.0,484,10282.0,2.291322314049587,5,100,Excellent
729,LTIM,2024,12.91,18.0,22.9,0.1035,31.9324,1.2895,1752.0,3918.0,155.0,66.7267,42.0,2071,5670.0,0.8459681313375181,5,100,Excellent
728,LTIM,2023,13.29,18.0,26.58,0.0929,44.4333,1.4132,2824.0,271.0,149.0,55.3067,40.0,1541,3095.0,1.8325762491888384,5,100,Excellent
727,LTIM,2022,15.13,20.0,27.65,0.0181,48.9024,1.2692,1608.0,1643.0,225.0,47.6267,41.0,258,3251.0,6.232558139534884,5,100,Excellent
726,LTIM,2021,15.67,22.0,26.53,0.1093,37.962,1.1554,743.0,1657.0,111.0,40.5778,36.0,798,2400.0,0.931077694235589,5,100,Excellent
725,LTIM,2020,13.97,19.0,28.13,0.1688,28.4096,1.2341,1001.0,643.0,87.0,31.7882,32.0,912,1644.0,1.0975877192982455,5,100,Excellent
724,LTIM,2019,16.05,20.0,30.98,0.0,198.6364,1.4175,646.0,749.0,87.0,28.7824,32.0,0,1395.0,,5,100,Excellent
723,LTIM,2018,15.22,16.0,28.81,0.0,100.8125,1.3689,392.0,452.0,65.0,22.7059,33.0,0,844.0,,5,100,Excellent
722,LTIM,2017,14.94,19.0,30.88,0.0,472.3333,1.4718,209.0,961.0,57.0,18.4941,29.0,0,1170.0,,5,100,Excellent
721,LTIM,2016,14.3,18.0,39.34,0.0259,202.5,1.8636,818.0,40.0,49.0,12.5,72.0,55,858.0,14.872727272727271,5,100,Excellent
720,LTIM,2015,15.45,20.0,37.96,0.1076,110.4,1.6716,539.0,103.0,238.0,12.6625,63.0,218,642.0,2.4724770642201834,5,100,Excellent
719,LTIM,2014,20.24,23.0,61.86000000000001,0.0683,44.0,1.8455,808.0,180.0,309.0,10.0625,55.0,110,628.0,7.345454545454546,5,100,Excellent
718,LTIM,2013,14.59,23.0,41.97,0.1748,42.4762,1.6542,384.0,224.0,174.0,8.3688,54.0,234,608.0,1.641025641025641,5,100,Excellent
453,HAL,2022,20.66,22.0,3324.18,0.0784,98.5538,121.8812,-2609.0,12789.0,76.0,3.06,26.0,12,10180.0,-217.41666666666663,5,100,Excellent
452,HAL,2021,14.16,23.0,2249.31,0.0417,21.3521,123.0215,13934.0,1190.0,48.0,2.88,31.0,6,15124.0,2322.333333333333,5,100,Excellent
451,HAL,2020,13.25,23.0,2059.42,0.0145,14.7493,123.9595,203.0,1334.0,42.0,2.76,39.0,2,1537.0,101.5,5,100,Excellent
450,HAL,2019,11.73,23.0,1763.91,0.0602,27.9379,114.3314,-2402.0,5292.0,35.0,2.66,28.0,8,-7694.0,-300.25,5,100,Excellent
449,HAL,2018,10.73,19.0,1528.46,0.0231,120.6,111.5602,-140.0,594.0,30.0,2.6,54.0,3,-734.0,-46.66666666666666,5,100,Excellent
448,HAL,2017,14.57,18.0,1966.92,0.015,267.5,105.5882,2598.0,3021.0,36.0,2.66,31.0,2,-423.0,1299.0,5,100,Excellent
404,EICHERMOT,2017,23.7,31.0,31.19,0.021,647.5,1.0034,-36.0,1744.0,61.0,19.7963,16.0,112,1708.0,-0.3214285714285714,5,100,Excellent
597,INFY,2024,17.08,24.0,29.79,0.0949,87.5234,1.1298,20117.0,5093.0,63.0,4.2548,,8359,25210.0,2.4066275870319416,5,100,Excellent
477,HCLTECH,2023,14.63,22.0,22.7,0.0733,67.949,1.088,14436.0,3573.0,55.0,12.0451,88.0,4794,18009.0,3.0112640801001254,5,100,Excellent
473,HCLTECH,2019,16.75,23.0,24.46,0.1014,85.454,1.0356,5715.0,3256.0,37.0,15.2642,11.0,4195,8971.0,1.3623361144219308,5,100,Excellent
472,HCLTECH,2018,17.25,22.0,23.97,0.0153,180.8116,1.0538,6092.0,2236.0,31.0,13.0885,19.0,557,8328.0,10.937163375224417,5,100,Excellent
471,HCLTECH,2017,18.09,22.0,26.12,0.0177,128.7528,1.0395,5105.0,3890.0,30.0,11.5611,40.0,582,8995.0,8.771477663230241,5,100,Excellent
470,HCLTECH,2015,20.0,23.0,30.31,0.0268,105.6264,1.0413,3451.0,2088.0,26.0,8.6206,58.0,648,5539.0,5.325617283950617,5,100,Excellent
469,HCLTECH,2014,20.31,25.0,33.39,0.0521,76.4211,1.0722,1615.0,4842.0,23.0,13.9643,11.0,1018,6457.0,1.5864440078585462,5,100,Excellent
468,HCLTECH,2013,15.79,22.0,30.69,0.0793,56.717,1.1421,2131.0,2361.0,14.0,9.4705,21.0,1044,4492.0,2.0411877394636013,5,100,Excellent
459,HAVELLS,2016,17.12,10.0,42.95,0.0443,19.1758,1.731,392.0,121.0,21.0,4.8823,29.0,134,513.0,2.925373134328358,5,100,Excellent
455,HAL,2024,25.0,32.0,3816.58,0.6181,270.8837,67.5133,1814.0,6412.0,114.0,3.98,31.0,123,8226.0,14.747967479674797,5,100,Excellent
454,HAL,2023,21.58,25.0,3283.05,0.2655,130.3281,99.3653,3102.0,5734.0,87.0,3.54,32.0,47,8836.0,66.0,5,100,Excellent
596,INFY,2023,16.43,24.0,31.97,0.1101,133.2077,1.1779,21396.0,1071.0,58.0,3.6446,73.0,8299,22467.0,2.578141944812628,5,100,Excellent
595,INFY,2022,18.21,26.0,29.39,0.0726,168.93,1.0421,17400.0,6485.0,53.0,3.5915,59.0,5474,23885.0,3.178662769455608,5,100,Excellent
533,HINDUNILVR,2020,16.98,9861.0,82.1,0.0,70.6297,1.974,9414.0,1791.0,31.0,3.8097,80.0,0,7623.0,,5,100,Excellent
532,HINDUNILVR,2019,15.42,8880.0,77.03,0.0126,94.5745,2.1102,5362.0,438.0,28.0,3.6421,78.0,99,5800.0,54.16161616161616,5,100,Excellent
531,HINDUNILVR,2018,14.71,7499.0,71.78999999999999,0.0,79.5099,1.99,4996.0,1063.0,24.0,3.3708,83.0,0,6059.0,,5,100,Excellent
530,HINDUNILVR,2017,13.54,6328.0,66.58,0.0411,44.3119,2.1114,4012.0,1173.0,21.0,3.1222,82.0,277,5185.0,14.48375451263538,5,100,Excellent
529,HINDUNILVR,2016,12.9,5910.0,63.14999999999999,0.0269,54.1029,2.1758,3889.0,282.0,19.0,3.0431,83.0,177,4171.0,21.971751412429377,5,100,Excellent
528,HINDUNILVR,2015,13.69,5412.0,108.67,0.0107,21.3128,2.2157,3430.0,138.0,20.0,1.8644,74.0,43,3292.0,79.76744186046511,5,100,Excellent
527,HINDUNILVR,2014,13.53,4759.0,111.85,0.013,30.923,2.1255,3343.0,475.0,18.0,1.6375,71.0,46,3818.0,72.67391304347827,5,100,Excellent
526,HINDUNILVR,2013,14.22,4220.0,134.0,0.0087,20.3028,2.2332,3668.0,63.0,18.0,1.3264,104.0,25,3605.0,146.72,5,100,Excellent
509,HEROMOTOCO,2020,12.51,4070.0,25.4,0.0314,17.5718,1.4869,2699.0,2819.0,182.0,36.015,49.0,453,5518.0,5.958057395143488,5,100,Excellent
508,HEROMOTOCO,2019,10.2,5025.0,26.42,0.0238,39.0837,1.8359,2330.0,1298.0,172.0,32.8,50.0,312,1032.0,7.467948717948718,5,100,Excellent
507,HEROMOTOCO,2018,11.47,5334.0,31.09,0.019,48.1206,1.8657,2159.0,1858.0,186.0,29.93,51.0,228,4017.0,9.469298245614034,5,100,Excellent
506,HEROMOTOCO,2017,12.39,4585.0,34.37,0.0253,28.9651,1.8685,2035.0,1972.0,179.0,25.79,47.0,261,4007.0,7.796934865900383,5,100,Excellent
505,HEROMOTOCO,2016,10.94,4424.0,35.23,0.0263,57.1235,2.2067,1422.0,2300.0,157.0,22.085,46.0,232,3722.0,6.129310344827586,5,100,Excellent
478,HCLTECH,2024,14.29,22.0,23.01,0.0844,46.4611,1.1102,15840.0,6608.0,58.0,12.5715,90.0,5758,22448.0,2.7509551927752693,5,100,Excellent
1096,TECHM,2022,12.61,18.0,20.94,0.0974,56.0429,1.0052,5765.0,480.0,57.0,6.1244,47.0,2618,5285.0,2.2020626432391137,5,100,Excellent
21,ABB,2023,17.74,23.0,29.77,0.0354,85.0,1.1741,-922.0,4699.0,447.0,15.181,73.0,113,3777.0,-8.15929203539823,5,100,Excellent
20,ABB,2023,17.74,23.0,29.77,0.0354,85.0,1.1741,745.0,148.0,447.0,15.181,73.0,113,893.0,6.592920353982301,5,100,Excellent
19,ABB,2022,16.26,22.0,28.33,0.0539,61.3158,1.1631,161.0,3936.0,376.0,13.4286,73.0,152,4097.0,1.0592105263157894,5,100,Excellent
18,ABB,2022,16.26,22.0,28.33,0.0539,61.3158,1.1631,552.0,396.0,376.0,13.4286,73.0,152,948.0,3.631578947368421,5,100,Excellent
17,ABB,2021,16.03,21.0,26.56,0.0588,55.7222,1.1224,-225.0,4009.0,325.0,12.3905,85.0,153,3784.0,-1.4705882352941178,5,100,Excellent
16,ABB,2021,16.03,21.0,26.56,0.0588,55.7222,1.1224,655.0,72.0,325.0,12.3905,85.0,153,727.0,4.281045751633987,5,100,Excellent
15,ABB,2020,14.49,18.0,24.39,0.072,96.7778,1.1539,-206.0,5643.0,279.0,11.5762,90.0,175,5437.0,-1.177142857142857,5,100,Excellent
14,ABB,2020,14.49,18.0,24.39,0.072,96.7778,1.1539,225.0,401.0,279.0,11.5762,90.0,175,626.0,1.2857142857142858,5,100,Excellent
13,ABB,2019,12.23,16.0,22.41,0.0,359.0,1.2509,-459.0,3050.0,212.0,9.5619,31.0,0,2591.0,,5,100,Excellent
12,ABB,2019,12.23,16.0,22.41,0.0,359.0,1.2509,242.0,257.0,212.0,9.5619,31.0,0,499.0,,5,100,Excellent
11,ABB,2018,12.16,16.0,23.69,0.0,160.5,1.3651,-994.0,3192.0,189.0,8.0619,29.0,0,2198.0,,5,100,Excellent
10,ABB,2018,12.16,16.0,23.69,0.0,160.5,1.3651,-62.0,215.0,189.0,8.0619,29.0,0,153.0,,5,100,Excellent
5,ABB,2015,10.0,14.0,24.44,0.0,,1.6659,-1899.0,1864.0,108.0,4.4619,29.0,0,-35.0,,4,100,Excellent
4,ABB,2015,10.0,14.0,24.44,0.0,,1.6659,28.0,187.0,108.0,4.4619,29.0,0,215.0,,4,100,Excellent
1116,TORNTPHARM,2016,25.92,41.0,49.6,0.6732,15.0272,0.7525,1873.0,869.0,51.0,4.1106,34.0,2352,2742.0,0.796343537414966,4,85,Very Good
1117,TORNTPHARM,2017,16.06,24.0,21.47,0.5769,7.767,0.6058,211.0,798.0,28.0,5.1188,25.0,2510,1009.0,0.0840637450199203,4,85,Very Good
1123,TORNTPHARM,2023,12.94,30.0,20.09,0.8662,8.6697,0.6585,33.0,2335.0,37.0,3.6675,60.0,5369,2368.0,0.0061463959769044,4,85,Very Good
1121,TORNTPHARM,2021,15.64,31.0,21.45,0.8349,7.187,0.5687,1561.0,444.0,37.0,6.8682,47.0,4874,2005.0,0.3202708247845712,4,85,Very Good
1113,TORNTPHARM,2013,13.58,22.0,30.59,0.4873,20.5294,0.8535,-94.0,247.0,13.0,3.3857,45.0,693,153.0,-0.1356421356421356,4,85,Very Good
1114,TORNTPHARM,2014,15.92,23.0,34.89,0.5949,16.7627,0.8307,181.0,418.0,20.0,2.2388,25.0,1132,599.0,0.1598939929328622,4,85,Very Good
591,INFY,2018,22.73,27.0,24.69,0.0,,0.8888,17751.0,4533.0,37.0,5.9672,59.0,0,13218.0,,4,85,Very Good
590,INFY,2017,20.96,27.0,20.81,0.0,,0.8236,-3133.0,14664.0,31.0,6.0299,41.0,0,11531.0,,4,85,Very Good
586,INFY,2013,23.37,29.0,24.82,0.0,2780.6,0.872,4451.0,2922.0,21.0,13.2846,25.0,0,7373.0,,4,85,Very Good
587,INFY,2014,21.26,27.0,23.93,0.0,1783.7778,0.8801,7262.0,2563.0,23.0,15.5699,34.0,0,9825.0,,4,85,Very Good
588,INFY,2015,23.2,28.0,24.39,0.0,1526.0833,0.8043,9352.0,999.0,27.0,8.8699,55.0,0,8353.0,,4,85,Very Good
552,ICICIGI,2015,13.82,-221.0,20.27,0.0,4.4869,0.2891,73.0,171.0,13.0,0.6456,15.0,0,-98.0,,4,85,Very Good
536,HINDUNILVR,2023,16.74,14147.0,20.16,0.0242,103.6964,0.829,8507.0,1484.0,43.0,21.406,91.0,1219,9991.0,6.978671041837572,4,85,Very Good
537,HINDUNILVR,2024,16.61,14659.0,20.07,0.029,57.847,0.7886,10145.0,5324.0,44.0,21.7949,96.0,1484,15469.0,6.836253369272237,4,85,Very Good
551,ICICIGI,2014,11.95,-225.0,21.72,0.0,5.5973,0.2952,-111.0,706.0,12.0,0.538,0.0,0,595.0,,4,85,Very Good
1124,TORNTPHARM,2024,15.44,31.0,24.15,0.5866,9.9266,0.7396,3106.0,160.0,49.0,4.0568,57.0,4022,3266.0,0.7722526106414719,4,85,Very Good
593,INFY,2020,18.33,25.0,25.42,0.0708,147.4706,0.989,16672.0,331.0,39.0,3.0844,45.0,4633,17003.0,3.5985322685085257,4,85,Very Good
589,INFY,2016,21.6,27.0,21.85,0.0,,0.8315,9143.0,885.0,29.0,5.3972,41.0,0,10028.0,,4,85,Very Good
592,INFY,2019,18.64,24.0,23.73,0.0,,0.9835,14209.0,632.0,35.0,2.993,60.0,0,14841.0,,4,85,Very Good
631,ITC,2015,25.19,37.0,30.81,0.0085,170.1209,0.8447,4568.0,5275.0,8.0,3.9571,52.0,269,9843.0,16.981412639405203,4,85,Very Good
632,ITC,2016,24.24,37.0,22.26,0.002,205.3077,0.7588,5878.0,3921.0,8.0,5.3019,73.0,84,9799.0,69.97619047619048,4,85,Very Good
618,IRCTC,2023,28.41,36.0,40.6,0.0339,89.0,0.6958,495.0,317.0,13.0,1.5488,44.0,84,812.0,5.892857142857143,4,85,Very Good
615,IRCTC,2020,22.66,31.0,39.04,0.0,78.0,0.6985,417.0,8.0,6.0,0.8213,39.0,0,409.0,,4,85,Very Good
617,IRCTC,2022,35.13,47.0,35.29,0.0561,86.0,0.4838,282.0,242.0,8.0,1.1687,42.0,105,524.0,2.685714285714285,4,85,Very Good
610,IRCTC,2015,12.37,14.0,29.5,0.0,,0.9114,23.0,46.0,13.0,2.22,20.0,0,69.0,,4,85,Very Good
611,IRCTC,2016,13.83,14.0,34.87,0.0,,0.9513,295.0,7.0,19.0,2.71,40.0,0,288.0,,4,85,Very Good
612,IRCTC,2017,15.07,21.0,29.1,0.0,127.0,0.8324,432.0,94.0,11.0,1.9675,49.0,0,338.0,,4,85,Very Good
613,IRCTC,2018,15.08,19.0,23.14,0.0,124.3333,0.6322,64.0,40.0,11.0,2.3875,21.0,0,24.0,,4,85,Very Good
614,IRCTC,2019,16.52,20.0,28.85,0.0,254.5,0.7209,146.0,353.0,4.0,0.6694,98.0,0,499.0,,4,85,Very Good
476,HCLTECH,2022,15.79,24.0,21.84,0.1024,67.6991,0.9632,18497.0,1597.0,50.0,11.4022,84.0,6343,16900.0,2.9161280151347944,4,85,Very Good
474,HCLTECH,2020,15.64,24.0,21.57,0.1558,35.4554,0.8534,1027.0,12332.0,41.0,9.4414,25.0,7986,13359.0,0.1286000500876534,4,85,Very Good
594,INFY,2021,19.33,28.0,25.44,0.0697,154.3077,0.9345,15851.0,7373.0,45.0,3.5947,59.0,5325,23224.0,2.976713615023474,4,85,Very Good
1077,TECHM,2013,19.02,21.0,24.09,0.2543,12.4369,0.765,233.0,622.0,25.0,4.2391,5.0,1380,855.0,0.1688405797101449,4,85,Very Good
1078,TECHM,2013,19.02,21.0,24.09,0.2543,12.4369,0.765,233.0,622.0,25.0,4.2391,5.0,1380,855.0,0.1688405797101449,4,85,Very Good
90,ADANIPOWER,2024,41.37,36.0,48.28,0.8023,8.2972,0.5472,17651.0,3481.0,54.0,1.1186,0.0,34616,14170.0,0.5099087127339959,4,85,Very Good
267,BOSCHLTD,2024,14.89,13.0,20.64,0.0032,71.7843,0.9638,1536.0,283.0,844.0,40.2133,44.0,39,1253.0,39.38461538461539,4,85,Very Good
1009,SUNPHARMA,2017,24.85,32.0,21.41,0.2683,26.78,0.5169,2896.0,4186.0,29.0,15.2667,12.0,9832,7082.0,0.2945484133441822,4,85,Very Good
1062,TATASTEEL,2022,17.11,26.0,36.48,0.6603,11.862,0.8638,33476.0,10905.0,33.0,9.3729,16.0,75561,44381.0,0.4430327814613359,4,85,Very Good
345,DABUR,2018,17.59,21.0,23.8,0.1644,36.0,0.8874,551.0,541.0,8.0,3.242,81.0,938,1092.0,0.5874200426439232,4,85,Very Good
347,DABUR,2020,16.67,21.0,21.92,0.079,39.94,0.9302,1097.0,517.0,8.0,3.7322,37.0,522,1614.0,2.1015325670498086,4,85,Very Good
156,BAJAJ-AUTO,2022,18.6,16.0,20.65,0.0041,881.1111,0.944,4473.0,276.0,213.0,10.3318,66.0,123,4197.0,36.36585365853659,4,85,Very Good
157,BAJAJ-AUTO,2022,18.6,16.0,20.65,0.0041,881.1111,0.944,4473.0,276.0,213.0,10.3318,66.0,123,4197.0,36.36585365853659,4,85,Very Good
330,COALINDIA,2015,18.52,17343.0,34.02,0.0101,8.6454,0.6661,15276.0,894.0,22.0,0.6389,95.0,408,14382.0,37.44117647058823,4,85,Very Good
329,COALINDIA,2014,21.4,17766.0,35.64,0.0042,7.3744,0.6729,23105.0,8580.0,24.0,0.6714,121.0,178,14525.0,129.8033707865169,4,85,Very Good
244,BHEL,2013,13.69,19.0,21.91,0.0883,82.9297,0.6809,646.0,1113.0,18.0,6.2345,20.0,2698,1759.0,0.2394366197183098,4,85,Very Good
630,ITC,2014,25.49,37.0,33.05,0.0089,484.3448,0.8643,4090.0,3254.0,7.0,3.426,54.0,242,7344.0,16.90082644628099,4,85,Very Good
629,ITC,2013,24.37,35.0,33.27,0.0044,111.787,0.895,3221.0,3881.0,6.0,2.9314,55.0,102,7102.0,31.57843137254902,4,85,Very Good
619,IRCTC,2024,26.02,34.0,34.4,0.0186,82.7368,0.701,667.0,215.0,14.0,2.0187,47.0,60,882.0,11.116666666666667,4,85,Very Good
636,ITC,2020,31.57,39.0,23.89,0.0042,268.6543,0.6388,8516.0,6174.0,12.0,5.3111,82.0,277,14690.0,30.743682310469318,4,85,Very Good
637,ITC,2021,27.17,35.0,22.18,0.0045,338.6552,0.6678,18267.0,5740.0,11.0,4.9023,101.0,271,12527.0,67.4059040590406,4,85,Very Good
638,ITC,2022,25.56,34.0,24.82,0.004,375.55,0.7856,13538.0,2238.0,12.0,5.0694,93.0,249,15776.0,54.36947791164658,4,85,Very Good
639,ITC,2023,27.46,36.0,28.16,0.0044,356.4359,0.8263,13146.0,5732.0,15.0,5.5636,100.0,306,18878.0,42.96078431372549,4,85,Very Good
640,ITC,2024,29.28,37.0,27.85,0.0041,362.9625,0.7723,18742.0,1563.0,16.0,5.9701,84.0,303,17179.0,61.85478547854785,4,85,Very Good
633,ITC,2017,24.5,36.0,22.57,0.001,351.6122,0.7651,7376.0,3251.0,8.0,3.82,56.0,46,10627.0,160.34782608695653,4,85,Very Good
634,ITC,2018,26.45,38.0,21.89,0.0007,163.1391,0.6763,6055.0,7114.0,9.0,4.3041,56.0,36,13169.0,168.19444444444446,4,85,Very Good
635,ITC,2019,26.55,38.0,21.7,0.0002,290.3803,0.6738,7037.0,5546.0,10.0,4.8239,56.0,13,12583.0,541.3076923076923,4,85,Very Good
411,EICHERMOT,2024,24.2,26.0,22.17,0.0232,114.7059,0.7154,890.0,2834.0,146.0,66.8333,35.0,419,3724.0,2.124105011933174,4,85,Very Good
424,GODREJCP,2013,13.18,16.0,25.51,0.7413,13.6667,0.8333,-45.0,865.0,8.0,9.7441,22.0,2456,820.0,-0.0183224755700325,4,85,Very Good
425,GODREJCP,2014,10.78,15.0,21.7,0.6286,10.2583,0.9133,622.0,494.0,7.0,11.1029,24.0,2373,1116.0,0.2621154656552886,4,85,Very Good
426,GODREJCP,2015,11.8,17.0,22.64,0.6302,12.9643,0.9066,-209.0,1236.0,9.0,12.6794,21.0,2717,1027.0,-0.0769230769230769,4,85,Very Good
428,GODREJCP,2017,14.11,21.0,24.67,0.7546,12.8766,0.7162,-383.0,2243.0,13.0,15.5941,39.0,4001,1860.0,-0.0957260684828792,4,85,Very Good
429,GODREJCP,2018,16.59,21.0,26.11,0.5606,13.6821,0.7103,1387.0,336.0,16.0,9.2029,42.0,3508,1723.0,0.395381984036488,4,85,Very Good
406,EICHERMOT,2019,22.49,30.0,24.7,0.021,515.0,0.8604,915.0,660.0,81.0,33.0296,15.0,187,1575.0,4.893048128342246,4,85,Very Good
405,EICHERMOT,2018,21.86,31.0,27.88,0.0215,669.0,0.9415,337.0,2145.0,72.0,26.037,15.0,151,2482.0,2.2317880794701987,4,85,Very Good
390,DRREDDY,2015,15.55,23.0,23.71,0.4378,34.8889,0.8139,154.0,2370.0,27.0,11.5918,15.0,4314,2524.0,0.0356977283263792,4,85,Very Good
389,DRREDDY,2014,14.63,24.0,24.96,0.5692,26.937,0.8434,366.0,1604.0,23.0,9.2529,16.0,4477,1970.0,0.0817511726602635,4,85,Very Good
388,DRREDDY,2013,12.9,23.0,23.98,0.5781,28.15,0.8844,-59.0,1437.0,18.0,7.4929,17.0,3682,1378.0,-0.0160239000543183,4,85,Very Good
360,DIVISLAB,2021,28.47,41.0,21.34,0.0005,1462.0,0.647,2022.0,75.0,75.0,17.5377,27.0,5,1947.0,404.4,4,85,Very Good
352,DIVISLAB,2013,28.07,38.0,24.07,0.0132,287.0,0.6833,225.0,255.0,23.0,9.263,33.0,33,480.0,6.818181818181818,4,85,Very Good
353,DIVISLAB,2014,30.53,40.0,26.08,0.0061,362.0,0.6825,252.0,305.0,29.0,10.9778,34.0,18,557.0,14.0,4,85,Very Good
348,DABUR,2021,17.73,21.0,22.12,0.0664,75.0645,0.8827,711.0,1404.0,10.0,4.3299,50.0,509,2115.0,1.3968565815324163,4,85,Very Good
349,DABUR,2022,16.0,21.0,20.78,0.1229,65.641,0.8864,529.0,1273.0,10.0,4.7356,53.0,1030,1802.0,0.5135922330097087,4,85,Very Good
430,GODREJCP,2019,22.71,21.0,32.23,0.4654,10.479,0.7318,2003.0,274.0,23.0,7.1245,44.0,3382,1729.0,0.5922531046717918,4,85,Very Good
361,DIVISLAB,2022,33.04000000000001,43.0,25.24,0.0003,1998.5,0.6707,-283.0,2195.0,112.0,22.1283,27.0,4,1912.0,-70.75,4,85,Very Good
355,DIVISLAB,2016,29.82,38.0,26.23,0.0098,303.2,0.7709,632.0,406.0,42.0,8.1,24.0,42,1038.0,15.047619047619047,4,85,Very Good
354,DIVISLAB,2015,27.35,38.0,24.37,0.0077,403.6667,0.7072,305.0,521.0,32.0,12.9481,31.0,27,826.0,11.296296296296296,4,85,Very Good
1007,SUNPHARMA,2015,19.99,29.0,21.36,0.3509,14.1226,0.5622,4114.0,1502.0,22.0,12.3855,14.0,8996,5616.0,0.4573143619386394,4,85,Very Good
1006,SUNPHARMA,2014,24.12,44.0,20.94,0.1382,114.4318,0.5527,1783.0,2176.0,15.0,8.9493,10.0,2561,3959.0,0.6962124170245998,4,85,Very Good
1005,SUNPHARMA,2013,31.17,43.0,23.14,0.0173,109.1628,0.5463,982.0,2375.0,14.0,14.4135,9.0,260,3357.0,3.776923076923077,4,85,Very Good
996,SIEMENS,2016,26.89,9.0,42.83,0.0037,379.7273,0.9041,750.0,237.0,82.0,9.5817,41.0,25,513.0,30.0,4,85,Very Good
335,COALINDIA,2020,17.38,21581.0,51.93,0.2001,11.5646,0.6404,6010.0,1033.0,27.0,0.5218,44.0,6434,4977.0,0.934100093254585,4,85,Very Good
336,COALINDIA,2021,14.11,18628.0,34.78,0.1611,19.0858,0.559,10774.0,182.0,21.0,0.5925,78.0,5884,10592.0,1.8310673011556764,4,85,Very Good
337,COALINDIA,2022,15.84,24721.0,40.28,0.0815,21.9912,0.6114,15392.0,25715.0,28.0,0.7,60.0,3514,41107.0,4.380193511667615,4,85,Very Good
338,COALINDIA,2023,22.95,44232.0,52.14,0.0712,14.3372,0.6245,12269.0,23465.0,52.0,0.9872,47.0,4331,35734.0,2.832833063957516,4,85,Very Good
339,COALINDIA,2024,26.26,47971.0,45.17,0.0788,11.2418,0.6019,13617.0,4486.0,61.0,1.3424,42.0,6523,18103.0,2.087536409627472,4,85,Very Good
344,DABUR,2017,16.81,20.0,26.41,0.2012,33.4815,0.9847,420.0,807.0,7.0,2.754,31.0,975,1227.0,0.4307692307692308,4,85,Very Good
995,SIEMENS,2015,11.11,9.0,22.94,0.0049,64.7,0.9988,1220.0,646.0,33.0,7.207,30.0,25,574.0,48.8,4,85,Very Good
334,COALINDIA,2019,17.54,25007.0,66.01,0.0835,12.7878,0.7486,8460.0,7896.0,28.0,0.4293,46.0,2210,16356.0,3.828054298642534,4,85,Very Good
970,SHREECEM,2013,18.53,29.0,26.12,0.3351,9.057,0.8795,990.0,270.0,288.0,10.9829,7.0,1288,1260.0,0.7686335403726708,4,85,Very Good
332,COALINDIA,2017,11.87,12448.0,37.85,0.1229,12.3649,0.6591,16916.0,455.0,15.0,0.395,133.0,3014,16461.0,5.612475116124752,4,85,Very Good
331,COALINDIA,2016,18.32,18714.0,40.96,0.0344,9.9631,0.6856,21308.0,8154.0,23.0,0.5515,121.0,1199,13154.0,17.771476230191826,4,85,Very Good
846,PIDILITIND,2021,15.44,23.0,20.13,0.0592,47.5676,0.8274,-296.0,1688.0,22.0,10.9667,38.0,331,1392.0,-0.8942598187311178,4,85,Very Good
775,NAUKRI,2022,810.6999999999999,28.0,74.71,0.0037,1296.0,0.0776,-470.0,1177.0,991.0,13.3659,1.0,64,707.0,-7.34375,4,85,Very Good
774,NAUKRI,2021,125.71,7.0,26.28,0.012,150.7273,0.1793,-1767.0,2043.0,110.0,4.1829,7.0,65,276.0,-27.184615384615384,4,85,Very Good
772,NAUKRI,2019,51.43,1.0,23.28,0.0004,106.5714,0.3609,217.0,59.0,49.0,2.0844,12.0,1,276.0,217.0,4,85,Very Good
771,NAUKRI,2018,50.71,22.0,24.5,0.0005,124.0,0.3806,104.0,149.0,42.0,1.6762,13.0,1,253.0,104.0,4,85,Very Good
328,COALINDIA,2013,25.41,18087.0,35.81,0.0269,5.7406,0.6154,7276.0,1833.0,27.0,0.7674,51.0,1305,9109.0,5.575478927203065,4,85,Very Good
503,HEROMOTOCO,2014,8.32,3553.0,37.38,0.0505,50.5488,2.497,1347.0,1616.0,105.0,14.0575,62.0,284,2963.0,4.742957746478873,4,80,Very Good
504,HEROMOTOCO,2015,8.58,3520.0,36.15,0.0153,73.9415,2.5848,2217.0,31.0,118.0,16.35,51.0,100,2186.0,22.17,4,80,Very Good
1103,TITAN,2015,6.850000000000001,10.0,26.46,0.0324,15.0617,2.0302,385.0,118.0,9.0,3.4652,25.0,100,503.0,3.85,4,80,Very Good
1102,TITAN,2014,6.73,10.0,29.13,0.3199,13.3793,1.7881,-826.0,271.0,8.0,2.8348,25.0,807,-555.0,-1.023543990086741,4,80,Very Good
513,HEROMOTOCO,2024,9.9,5235.0,21.14,0.0342,47.2685,1.4449,3095.0,1828.0,187.0,44.2475,75.0,606,4923.0,5.107260726072608,4,80,Very Good
6,ABB,2016,9.76,14.0,21.34,0.0,138.3333,1.6176,172.0,77.0,120.0,5.6905,29.0,0,249.0,,4,80,Very Good
7,ABB,2016,9.76,14.0,21.34,0.0,138.3333,1.6176,728.0,816.0,120.0,5.6905,29.0,0,1544.0,,4,80,Very Good
1108,TITAN,2020,7.090000000000001,12.0,22.39,0.5341,15.759,1.5543,-113.0,235.0,17.0,7.4933,24.0,3562,-348.0,-0.0317237507018528,4,80,Very Good
1107,TITAN,2019,7.02,10.0,22.88,0.3942,40.9811,1.6891,446.0,797.0,16.0,6.8202,32.0,2393,1243.0,0.1863769327204346,4,80,Very Good
1106,TITAN,2018,6.84,10.0,21.65,0.3322,32.3396,1.6931,47.0,98.0,13.0,5.7191,29.0,1691,-51.0,0.0277942046126552,4,80,Very Good
1111,TITAN,2023,8.07,12.0,27.63,0.7904,17.2933,1.5017,-444.0,1814.0,37.0,13.3157,27.0,9367,1370.0,-0.0474004483826198,4,80,Very Good
1110,TITAN,2022,7.630000000000001,12.0,23.63,0.782,16.1514,1.3592,441.0,1165.0,24.0,10.4528,31.0,7275,-724.0,0.0606185567010309,4,80,Very Good
1101,TITAN,2013,7.16,10.0,36.8,0.0,21.8235,1.7204,411.0,142.0,8.0,2.2135,26.0,0,553.0,,4,80,Very Good
379,DMART,2016,3.73,8.0,21.04,0.7837,7.4835,2.7672,-200.0,633.0,6.0,0.2706,0.0,1192,433.0,-0.1677852348993288,4,80,Very Good
717,LT,2024,7.03,14.0,77.66999999999999,0.1035,3.5442,8.0276,20445.0,2179.0,95.0,66.7267,36.0,2071,18266.0,9.872042491549976,4,80,Very Good
458,HAVELLS,2015,4.55,9.0,21.18,0.2332,8.3646,1.7686,478.0,485.0,6.0,2.9323,49.0,424,963.0,1.1273584905660377,4,80,Very Good
457,HAVELLS,2014,5.54,10.0,26.77,0.6327,7.9608,1.5099,492.0,376.0,7.0,2.6871,42.0,1054,868.0,0.4667931688804554,4,80,Very Good
464,HAVELLS,2021,9.98,15.0,20.17,0.1006,19.7333,1.1813,-103.0,763.0,17.0,8.2175,39.0,521,660.0,-0.1976967370441458,4,80,Very Good
456,HAVELLS,2013,8.14,9.0,40.29,0.681,7.2846,1.6005,494.0,144.0,9.0,2.3258,16.0,982,638.0,0.5030549898167006,4,80,Very Good
716,LT,2023,6.83,15.0,75.52,0.0929,3.1823,7.8081,14729.0,8048.0,75.0,55.3067,32.0,1541,22777.0,9.558079169370538,4,80,Very Good
709,LT,2016,4.54,15.0,216.09,0.0259,2.4214,32.2353,-7867.0,4627.0,31.0,12.5,40.0,55,-3240.0,-143.03636363636363,4,80,Very Good
711,LT,2018,6.69,17.0,207.36,0.0,2.797,22.4251,-6117.0,3914.0,53.0,22.7059,30.0,0,-10031.0,,4,80,Very Good
715,LT,2022,6.660000000000001,16.0,72.92,0.0181,2.8888,7.6084,15579.0,3585.0,62.0,47.6267,36.0,258,19164.0,60.38372093023256,4,80,Very Good
710,LT,2017,5.93,15.0,206.3,0.0,2.6484,24.748,-3141.0,9796.0,43.0,18.4941,22.0,0,6655.0,,4,80,Very Good
714,LT,2021,9.5,17.0,176.9,0.1093,2.6869,12.7012,17324.0,5750.0,82.0,40.5778,44.0,798,23074.0,21.709273182957396,4,80,Very Good
713,LT,2020,7.489999999999999,17.0,201.59,0.1688,2.5014,16.5005,-1714.0,8408.0,68.0,31.7882,26.0,912,6694.0,-1.8793859649122808,4,80,Very Good
712,LT,2019,7.56,17.0,208.81,0.0,2.7377,20.2911,-15779.0,11023.0,63.0,28.7824,28.0,0,-4756.0,,4,80,Very Good
609,IOC,2024,5.56,10.0,23.53,0.7231,10.2823,1.6084,39635.0,31464.0,30.0,1.3318,40.0,132628,71099.0,0.2988433814880719,4,80,Very Good
706,LT,2013,7.109999999999999,15.0,395.15,0.1748,2.9981,31.9699,-11277.0,6922.0,38.0,8.3688,22.0,234,-4355.0,-48.19230769230769,4,80,Very Good
707,LT,2014,5.74,17.0,303.42,0.0683,2.375,31.9032,-12653.0,5510.0,35.0,10.0625,27.0,110,-7143.0,-115.02727272727272,4,80,Very Good
708,LT,2015,5.4,17.0,245.11,0.1076,2.3543,30.8694,-6143.0,4778.0,34.0,12.6625,32.0,218,-1365.0,-28.178899082568808,4,80,Very Good
401,EICHERMOT,2013,7.71,11.0,25.55,0.0409,101.0,1.276,-74.0,790.0,15.0,7.6111,21.0,84,716.0,-0.8809523809523809,4,80,Very Good
400,EICHERMOT,2012,7.430000000000001,9.0,27.07,0.0131,171.5,1.4292,-277.0,773.0,12.0,6.5,17.0,23,496.0,-12.043478260869565,4,80,Very Good
402,EICHERMOT,2014,8.03,13.0,27.9,0.0231,122.3,1.3647,-167.0,1214.0,23.0,9.3185,22.0,58,1047.0,-2.8793103448275863,4,80,Very Good
850,PNB,2013,11.66,,812.3,10.8333,,5.6265,-1292.0,600.0,28.0,1.236,19.0,6695,-692.0,-0.1929798356982823,4,80,Very Good
851,PNB,2013,11.66,,812.3,10.8333,,5.6265,-1292.0,600.0,28.0,1.236,19.0,6695,-692.0,-0.1929798356982823,4,80,Very Good
854,PNB,2013,11.66,,812.3,10.8333,,5.6265,-1292.0,600.0,28.0,1.236,19.0,6695,-692.0,-0.1929798356982823,4,80,Very Good
852,PNB,2013,11.66,,812.3,10.8333,,5.6265,-1292.0,600.0,28.0,1.236,19.0,6695,-692.0,-0.1929798356982823,4,80,Very Good
853,PNB,2013,11.66,,812.3,10.8333,,5.6265,-1292.0,600.0,28.0,1.236,19.0,6695,-692.0,-0.1929798356982823,4,80,Very Good
279,BPCL,2024,5.99,10.0,35.51000000000001,0.7219,11.3555,2.2137,25415.0,10521.0,62.0,3.541,33.0,54599,35936.0,0.4654847158372864,4,80,Very Good
1030,TATAMOTORS,2014,6.03,15.0,21.42,0.9244,7.306,1.066,8160.0,27991.0,48.0,10.187,5.0,60642,36151.0,0.1345602057979618,4,80,Very Good
232,BEL,2013,14.52,11.0,15183.33,4.0,184.4286,139.4,214.0,1753.0,1.0,0.3,20.0,24,-1539.0,8.916666666666666,4,80,Very Good
281,BRITANNIA,2014,5.71,9.0,49.5,0.188,82.625,3.281,425.0,246.0,16.0,3.325,36.0,150,671.0,2.833333333333333,4,80,Very Good
284,BRITANNIA,2017,9.77,14.0,32.83,0.0464,285.8,2.2035,291.0,150.0,37.0,11.2333,30.0,125,441.0,2.328,4,80,Very Good
282,BRITANNIA,2015,8.77,11.0,55.34,0.1165,274.5,2.8135,134.0,450.0,29.0,5.1875,28.0,145,584.0,0.9241379310344828,4,80,Very Good
283,BRITANNIA,2016,9.82,15.0,39.44,0.0626,267.8,2.4033,254.0,705.0,34.0,8.7167,29.0,131,959.0,1.938931297709924,4,80,Very Good
280,BRITANNIA,2013,4.2,7.0,46.59,0.681,11.5366,3.2847,348.0,28.0,11.0,2.325,39.0,380,320.0,0.9157894736842104,4,80,Very Good
236,BEL,2017,17.59,21.0,10153.33,1.9333,122.8889,112.4156,3054.0,3115.0,2.0,0.1667,33.0,29,-61.0,105.3103448275862,4,80,Very Good
237,BEL,2018,13.76,20.0,4616.13,1.5484,372.5,85.9587,-693.0,6.0,2.0,0.31,34.0,48,-687.0,-14.4375,4,80,Very Good
234,BEL,2015,16.88,17.0,17100.0,3.7143,240.8571,144.7551,595.0,839.0,2.0,0.35,20.0,26,1434.0,22.884615384615383,4,80,Very Good
235,BEL,2016,18.18,19.0,11141.67,2.0833,196.6,141.4231,790.0,1470.0,2.0,0.1333,31.0,25,2260.0,31.6,4,80,Very Good
233,BEL,2014,14.61,14.0,13600.0,3.0,194.7143,141.6957,190.0,759.0,1.0,0.35,20.0,21,-569.0,9.047619047619047,4,80,Very Good
271,BPCL,2016,4.31,7.0,29.1,0.8415,21.8882,2.1732,1886.0,9233.0,19.0,4.2369,25.0,23388,11119.0,0.0806396442620147,4,80,Very Good
3,ABB,2014,8.7,12.0,25.13,0.0,,1.9982,0.0,0.0,93.0,3.7524,25.0,0,0.0,,4,80,Very Good
1139,TVSMOTOR,2015,3.2,6.0,24.75,0.8445,11.0484,2.2442,-332.0,415.0,7.0,2.7604,28.0,1119,83.0,-0.2966934763181412,4,80,Very Good
1140,TVSMOTOR,2016,3.77,7.0,23.58,0.5998,13.0286,2.2108,331.0,605.0,9.0,3.7896,28.0,1091,936.0,0.303391384051329,4,80,Very Good
1141,TVSMOTOR,2017,4.08,7.0,22.96,0.5913,17.2333,2.0338,-20.0,709.0,11.0,4.6188,23.0,1311,689.0,-0.015255530129672,4,80,Very Good
1175,INDIGO,2015,9.36,1904.0,4939.39,0.1515,30.4709,228.2787,1444.0,940.0,42481.0,6.6,83.0,4,2384.0,361.0,4,80,Very Good
2,ABB,2014,8.7,12.0,25.13,0.0,,1.9982,11.0,144.0,93.0,3.7524,25.0,0,155.0,,4,80,Very Good
1177,INDIGO,2017,8.93,2219.0,1692.86,0.5306,20.7529,75.5285,749.0,3033.0,46.0,0.3379,74.0,52,3782.0,14.403846153846152,4,80,Very Good
1178,INDIGO,2018,9.74,3030.0,2242.0,0.54,21.1235,82.5125,-249.0,4152.0,58.0,0.3448,10.0,54,3903.0,-4.611111111111111,4,80,Very Good
1179,INDIGO,2019,0.5499999999999999,-151.0,120.93,0.6822,21.6204,76.3995,634.0,2526.0,4.0,0.4448,123.0,88,3160.0,7.204545454545454,4,80,Very Good
1,ABB,2012,8.77,12.0,22.41,0.0,,1.8225,42.0,59.0,68.0,3.081,25.0,0,101.0,,4,80,Very Good
